{
  "naive": {
    "mae": 3.308303571428571,
    "wmape": 0.3018754684597586,
    "by_tier": {
      "core": {
        "mae": 3.355969387755102,
        "wmape": 0.3043056259784672
      },
      "flagship": {
        "mae": 4.616892857142857,
        "wmape": 0.266471941425768
      },
      "slow": {
        "mae": 2.3246904761904763,
        "wmape": 0.35473405028338906
      }
    }
  },
  "dow_aware": {
    "mae": 2.9480416666666667,
    "wmape": 0.2690023572351912,
    "by_tier": {
      "core": {
        "mae": 3.044642857142857,
        "wmape": 0.27607580507267027
      },
      "flagship": {
        "mae": 3.8225,
        "wmape": 0.22062218630959252
      },
      "slow": {
        "mae": 2.139666666666667,
        "wmape": 0.326500508646999
      }
    }
  },
  "rf": {
    "mae": 2.6708527362510415,
    "wmape": 0.2437094733101095,
    "by_tier": {
      "core": {
        "mae": 2.7568702436838093,
        "wmape": 0.24998175737437064
      },
      "flagship": {
        "mae": 3.363492747095113,
        "wmape": 0.19412979032062294
      },
      "slow": {
        "mae": 2.0083852116785366,
        "wmape": 0.3064677332164603
      }
    }
  },
  "improvement": {
    "rf_vs_naive_wmape": 0.1926820865783696,
    "rf_vs_dow_wmape": 0.09402476686465588,
    "dow_vs_naive_wmape": 0.10889626570947919
  }
}